train_loss,valid_loss
0.90696,0.51021
0.33855,0.29299
0.20224,0.2394
0.1538,0.16645
0.15074,0.18426
0.12305,0.15046
0.11768,0.14943
0.0973,0.19392
0.10233,0.16431
0.06919,0.18541
0.07846,0.15675
0.07627,0.13363
0.07096,0.16417
0.05461,0.15114
0.04195,0.13094
0.05038,0.12088
0.04986,0.11881
0.05706,0.14488
0.0412,0.15702
0.03602,0.12519
0.04728,0.11055
0.04378,0.10771
0.03429,0.10416
0.03705,0.15325
0.03348,0.11367
