train_loss,valid_loss
1.01586,0.49077
0.43082,0.35034
0.26837,0.21012
0.2496,0.20774
0.18294,0.20197
0.13954,0.1958
0.151,0.14117
0.14173,0.17996
0.11565,0.15557
0.1072,0.18069
0.11579,0.15557
0.09544,0.19413
0.09644,0.1945
0.08329,0.14672
0.07552,0.16007
0.06377,0.13754
0.06111,0.18383
0.08477,0.15325
0.04769,0.17424
0.04299,0.15142
0.04971,0.17396
0.04775,0.12835
0.03851,0.10711
0.04298,0.17469
0.04457,0.13948
