train_loss,valid_loss
1.79386,1.31989
1.15808,1.07646
1.04207,1.01691
1.01511,1.01369
1.01083,1.00766
1.00818,1.00587
1.00614,1.00439
1.00467,1.00436
1.00464,1.00385
1.0041,1.00319
1.00343,1.00266
1.0031,1.00268
1.00297,1.0028
1.00319,1.0028
1.00295,1.00264
1.00288,1.00269
1.00291,1.00292
1.00272,1.0031
1.00264,1.00279
1.00274,1.00264
1.00262,1.00286
1.00258,1.00235
1.00232,1.0026
1.00228,1.00242
1.0023,1.00226
