train_loss,valid_loss
1.91822,1.42327
1.24579,1.18339
1.06796,1.0316
1.02141,1.0191
1.01298,1.01144
